ID,Bacterial 16S rRNA,Archaeal 16S rRNA,AOA_amoA,AOB_amoA,nxrA,narG,napA,nirK,nirS,nosZ,norB,hzsA,hzsB,hzo,nifH
D-N1,12.30943438,29.35852758,20.51589073,27.28287578,30.28081677,32.59295112,28.55988273,27.52994426,24.59792841,35.31333604,27.54656735,28.04656735,25.22758158,36.37450236,34.06169185
D-N1,10.74605246,30.47345293,19.70470559,26.67261823,31.55936081,29.97133048,28.16193213,27.19542282,25.13628935,31.90925445,27.14861675,27.64861675,26.34250693,37.01242003,34.83638579
D-N1,12.15781478,29.75197864,22.66092184,26.59521768,31.07417395,31.2913645,29.43724658,25.50197043,25.02220989,35.66521342,28.4239312,28.9239312,25.62103264,36.96728029,34.51913245
D-N2,10.93996858,29.50552182,20.99577578,26.54503879,30.72203612,28.09287544,27.11967232,27.19532021,24.90337713,31.56081052,26.10635694,26.60635694,25.37457582,37.14108495,34.38340868
D-N2,12.17314464,30.18577667,21.75693212,26.29796489,30.68101699,31.54991681,27.65070609,26.6121771,23.45005854,35.43751471,26.63739071,27.13739071,26.05483067,37.01937227,34.22312412
D-N2,13.60698428,29.9949402,18.56226859,26.12701409,30.39806067,29.55197392,26.97467437,25.7464786,24.26883999,31.44741888,25.96135899,26.46135899,25.8639942,36.85009022,34.23599954
D-N3,12.51056412,29.60169882,19.64234137,26.09086357,31.66305865,30.78053946,29.96669429,28.15100335,24.4401364,36.05651312,27.72105591,28.22105591,25.47075282,36.62308716,35.02782206
D-N3,13.54671909,30.43509718,19.94398715,25.99467166,30.56723361,32.10562181,29.45992594,27.04286356,25.61785637,31.16022316,27.21428756,27.71428756,26.30415118,36.45737572,33.86264511
D-N3,15.15651445,30.47308625,20.87899836,25.98115286,31.35679776,34.48672159,31.53022401,25.62285289,24.97021487,35.61429363,27.75024333,28.25024333,26.34214025,35.83893421,34.45293672
D-N4,14.29412516,28.1218753,21.12434059,25.77575407,29.54635055,32.89251202,29.42115748,25.60386519,24.65003385,31.36113308,25.6411768,26.1411768,27.4019153,35.99918209,36.869473
D-N4,12.75286082,28.28498445,20.13702127,25.7726735,28.92978585,34.27914719,32.76210393,26.20273309,25.07568714,34.74648708,28.98212325,29.48212325,27.56502445,35.75340093,36.0704332
D-N4,14.14519969,28.58982249,18.99611812,25.74726421,29.26500885,31.43200453,30.86293105,28.73735632,24.52407364,31.36387453,27.08295037,27.58295037,27.86986249,35.81025731,36.87303689
D-N5,11.28547856,27.66173551,20.30368495,25.66923239,30.26086402,32.89250521,28.63253733,25.34140035,25.92157402,35.65804049,24.85255665,25.35255665,26.94177551,36.27774319,37.25545264
D-N5,12.657653,28.30520045,18.76650262,25.64451998,27.91388512,31.71906962,29.8982086,23.10354633,25.86958893,29.73072042,26.11822792,26.61822792,27.58524045,36.53555275,34.74993655
D-N5,12.45540296,29.24984651,18.38862589,25.63359418,29.30206342,34.48705134,31.51037386,27.73254796,25.62390103,35.33298261,27.73039318,28.23039318,28.52988651,35.40716179,36.83287739
D-N6,12.21630585,27.68599614,19.8769988,25.6293001,29.56921489,32.64807619,30.56641832,25.79448697,24.68662047,30.96603614,26.78643764,27.28643764,26.96603614,35.37819999,36.35584698
D-N6,12.48339498,27.44964385,21.59528095,25.57202054,28.82544246,32.25005204,28.75659548,26.01470212,24.71894854,34.72968385,24.9766148,25.4766148,26.72968385,35.87630166,36.04858901
D-N6,11.9220506,27.12872398,17.80910409,25.56645025,28.92619497,34.15915215,30.29206763,25.99936309,24.07136293,30.40876398,26.51208695,27.01208695,26.40876398,35.69294403,35.63139317
D-P1,13.17001335,28.47890199,18.27480578,26.04446067,29.99830452,31.38524389,29.16173932,25.42309838,24.32617863,33.90990236,28.14842394,25.84995258,24.91359999,36.00603812,32.23722807
D-P1,12.77206275,28.97700366,20.56406609,25.99922954,31.21284168,29.3528474,27.14510806,25.17918301,26.23158789,30.54782003,26.13179268,25.85092864,25.41170166,36.17135973,33.06652104
D-P1,14.0473772,28.79364603,20.82699296,25.9889285,29.55501844,31.18813841,28.16051884,25.22958979,24.69041342,34.50268029,27.14720346,27.28476828,25.22834403,36.30881562,33.00783938
D-P2,11.72980294,29.10674012,19.0236162,25.96820809,29.33004182,29.60493835,25.70014264,27.66667487,24.101963,30.67648495,24.68682726,26.18834812,25.54143812,36.77793604,33.23378544
D-P2,12.26083671,29.27206173,20.07686799,25.88890201,30.42264095,29.60620723,28.35940523,26.93364394,25.76155824,34.55477227,27.34608985,27.22450309,25.70675973,37.37385445,33.07555895
D-P2,11.58480499,29.40951762,19.81316076,25.8313901,31.04051478,31.47019876,26.82252609,24.93815002,23.97899631,30.38549022,25.80921071,28.83429845,25.84421562,37.12981342,32.85549229
D-P3,13.34450191,29.87863804,21.10271526,25.81964023,29.33184017,30.04485256,27.7675765,25.66639388,25.46858257,34.15848716,26.75426112,27.97190916,25.74769204,37.02541052,32.56038831
D-P3,12.83773356,30.47455645,19.08707181,25.71851379,30.47717229,31.39185402,28.78687062,25.24791678,27.03606384,29.99277572,27.77355524,26.43064482,26.34361045,36.90211471,32.34496344
D-P3,13.37368933,30.23051542,19.221347,25.63941434,30.24980371,33.48458799,30.61848583,25.00783563,26.92077609,33.37433421,29.60517045,27.82298369,26.09956942,36.91201888,31.54098947
D-P4,11.2646228,28.28077052,18.75088098,25.62423055,30.32468037,32.36348191,27.85370924,25.95403853,25.9437673,30.53458209,26.84039386,26.19546256,26.99516652,37.52111312,33.04931172
D-P4,14.60556925,28.15747471,19.22207148,25.59265827,30.50861631,30.35983827,28.92035168,23.84092121,25.31242657,34.28880093,27.9070363,27.567637,26.87187071,36.62482316,32.72979621
D-P4,12.70639637,28.16737888,19.68003239,25.59185022,27.97292527,32.1698788,26.73024194,25.29140545,25.87797123,30.34565731,25.71692656,27.36538696,26.88177488,37.07889363,32.8037095
D-P5,10.47600265,28.77647312,20.93649365,25.54996994,28.70766751,32.05410133,29.3880463,26.44495227,25.78087879,34.81314319,26.84038862,27.12628985,27.49086912,36.82573308,36.15708615
D-P5,11.74167392,27.88018316,20.16217736,25.54882563,29.62402553,33.8379281,28.48540354,27.95785609,24.07622659,31.07095275,25.93774586,27.39337898,26.59457916,36.21108708,36.49223858
D-P5,13.35383918,28.33425363,18.97378091,25.53514594,30.07894575,33.57500305,30.61462025,26.04228328,22.98043332,33.94256179,28.06696257,26.8320346,27.61429363,36.82847453,35.02533033
D-P6,12.40988364,28.08109308,18.41362304,25.52027126,29.19707037,33.26417681,29.20002398,24.69006829,25.31259559,29.91359999,26.6523663,28.14842394,27.36113308,37.12264049,34.98767999
D-P6,10.6000608,27.46644708,18.16308293,25.50725983,28.91016862,33.61139267,28.89385156,25.4010059,24.74133486,34.41170166,26.34619388,26.13179268,26.74648708,35.19532042,35.63521216
D-P6,12.13553295,28.08383453,17.38676096,25.47608509,30.44387916,32.88164498,30.3623901,25.56698862,24.87602964,30.22834403,27.81473242,27.14720346,27.36387453,36.79758261,35.39684724
D-P7,15.00406994,28.37800049,20.91119628,25.47059058,29.60880374,31.45582721,29.76707606,27.81786379,27.55441914,34.54143812,27.21941838,24.68682726,27.65804049,36.43063614,35.80386956
D-P7,12.98743868,26.45068042,21.01003655,25.44643064,30.42815474,28.67521564,28.20369414,25.54572055,26.18152833,30.70675973,25.65603646,27.34608985,25.73072042,36.19428385,36.01878765
D-P7,14.00284946,28.05294261,21.44329969,25.41376999,30.84590507,28.49558136,29.61545646,26.4210176,25.78889305,34.84421562,27.06779878,25.80921071,27.33298261,35.87336398,36.19748031
D-H1,11.54247326,28.47520436,20.71947026,26.40855331,30.02183744,28.90865008,27.08326798,25.71973894,27.3376618,30.79322558,25.84995258,25.75426112,24.34425836,35.75782558,34.38554825
D-H1,14.20173585,29.11312203,20.11291363,26.18755981,30.58255293,31.33510879,27.08424404,27.64599488,27.04060285,35.90815093,25.85092864,26.77355524,24.98217603,36.87275093,35.83495121
D-H1,12.66485671,29.06798229,20.48707258,26.06489903,30.2977004,28.22795667,28.51808368,26.78982848,25.84698329,31.18667664,27.28476828,28.60517045,24.93703629,36.15127664,34.89703463
D-H2,12.37756712,29.24178695,20.6555905,26.25020123,30.70347642,31.15494976,27.42166352,26.12899019,26.15707358,34.94021982,26.18834812,25.84039386,25.11084095,35.90481982,34.57664077
D-H2,13.39686124,29.12007427,21.36844568,26.27148901,30.62232082,28.91495937,28.45781849,25.62235846,25.12425643,31.62047467,27.22450309,26.9070363,24.98912827,36.58507467,35.46097207
D-H2,15.22847645,28.95079222,19.79640221,26.05122935,30.96716902,28.79869367,30.06761385,27.38877963,25.57651813,35.4296382,28.83429845,24.71692656,24.81984622,36.3942382,35.21288466
D-H3,11.23149986,28.72378916,21.13326325,25.96799319,29.26922072,29.80415859,29.20522456,26.56133093,22.62558339,31.03639682,27.97190916,25.84038862,24.59284316,36.00099682,34.70167087
D-H3,12.2981423,28.55807772,21.99205126,25.91773723,29.68721871,31.38553323,27.66396022,28.28722565,25.57246099,35.86979518,26.43064482,24.93774586,24.42713172,36.83439518,35.78508873
D-H3,10.10803256,27.93963621,21.30564759,25.4263568,28.99532576,30.3559844,30.28864139,27.28484516,23.62844064,31.90778425,27.82298369,27.06696257,23.80869021,36.87238425,35.83447453
D-H4,11.23149462,27.25454209,19.60164692,25.52713896,29.62048684,33.99040358,28.66112026,25.80211514,25.01786372,35.4019153,26.19546256,26.6523663,26.53458209,36.8665153,34.17684489
D-H4,10.32885186,27.00876093,21.17245373,25.88142125,29.97814007,31.80836242,30.0332947,28.42732996,25.97178921,31.56502445,27.567637,26.34619388,26.28880093,37.02962445,34.38888679
D-H4,12.45806857,27.06561731,19.28345843,25.59034107,29.35980208,32.93933712,29.83104466,28.33788148,25.7748423,35.86986249,27.36538696,27.81473242,26.34565731,37.33446249,34.78517624
D-H5,11.0434723,27.53310319,20.06585241,25.55604755,29.89940643,32.30771045,31.12628985,25.82372451,25.17443279,30.94177551,27.12628985,27.21941838,26.81314319,36.40637551,33.57866316
D-H5,10.73729988,28.76925275,19.91861358,25.54163851,29.94856036,32.79981297,31.39337898,25.71605893,23.56733199,35.58524045,27.39337898,25.65603646,27.07095275,37.04984045,34.41516759
D-H5,12.20583842,27.64086179,21.70136155,25.56613955,28.9910728,32.05112928,30.8320346,27.09254392,25.27499444,32.52988651,26.8320346,27.06779878,25.94256179,37.99448651,35.64320746
L-N1,13.88446874,29.40501476,22.00102651,26.45363972,26.5053933,28.39800699,29.42937611,24.73857251,28.18222032,35.13822576,27.10801178,26.2352517,23.71794176,33.41032769,31.77973499
L-N1,12.51157793,29.84212428,18.60918551,26.75834491,22.3485487,28.65324835,28.23590671,25.06174439,27.87818708,31.57533528,27.17418531,24.09631972,24.15505128,33.37389477,30.09531745
L-N1,12.11894265,30.19380594,22.45117907,26.83428608,21.71957387,29.36303217,28.73404513,25.97302007,27.22410111,35.92701694,27.90640237,23.95813951,24.50673294,32.99867103,30.76581097
L-N2,13.6677114,29.51288605,20.62877987,26.86761275,20.99073044,29.78177192,28.05498192,23.25748874,29.45518419,31.24609705,25.50684762,24.27588468,23.82581305,33.36609901,31.15647416
L-N2,13.37065245,30.12469929,18.99366052,26.89911354,22.66686106,30.010535,27.65860017,26.03024928,27.78567828,35.85791029,26.03288761,26.14239138,24.43762629,33.17226462,31.29604207
L-N2,12.17703289,30.47178378,19.55110483,26.91550286,22.18868877,28.73334876,28.58165468,25.13651827,27.95716348,32.20499478,26.64753149,23.75227436,24.78471078,33.07729983,30.83407777
L-N3,12.48712318,29.5677151,21.81571274,27.01162184,22.50703942,31.98234541,28.20423844,23.5254998,26.83746403,35.3009261,26.27920436,26.00380751,23.8806421,32.42032055,31.19742389
L-N3,11.45430603,29.80266314,21.73461875,25.06379152,21.64597637,31.15095952,28.36584842,22.90379682,26.6971393,31.53587414,27.05095239,24.28073798,24.11559014,32.04065758,30.58158356
L-N3,11.90656773,30.17887662,20.7443311,25.08507382,21.91267557,28.29542606,27.52505706,25.39274517,28.27359883,35.91208762,26.53113159,24.19130282,24.49180362,33.92806617,31.213511
L-N4,8.95563299,29.08743126,20.44936587,25.15016832,24.72238459,29.06639227,28.14774614,22.1688437,29.63974824,30.82064226,26.78332956,24.96473738,23.40035826,33.17202316,31.00315476
L-N4,11.90251059,29.15554863,21.04747904,25.25183619,23.28747082,28.75911982,31.4047881,22.79723508,29.31663192,34.88875963,26.94141266,26.18117941,23.46847563,32.57575299,30.9259241
L-N4,9.95849024,29.85160403,19.43328286,25.3049664,21.35891962,30.35670556,29.26657304,22.91746195,30.91789112,31.58481503,26.30662353,25.38921877,24.16453103,33.17365211,31.06736758
L-N5,11.34791332,27.96744358,19.49193064,25.32504707,23.10988314,26.65871272,27.60344436,24.18978434,29.98147764,35.54599658,25.97015362,26.64646429,24.12571258,32.90415024,31.13636939
L-N5,12.30183881,27.88013519,22.04565236,25.33447673,22.69996199,30.2147651,29.1270817,23.67379554,29.22837571,31.45868819,27.06753344,24.96797109,24.03840419,32.40179508,30.97499672
L-N5,12.1048919,27.20428899,20.77485054,25.34921904,21.55089966,30.4348414,29.36791834,23.79769508,29.94846161,34.78284199,26.67888559,25.83795163,23.36255799,33.35444836,30.47072117
L-N6,11.50448239,27.67899184,19.81021082,25.45619603,23.30909911,29.77710541,29.00052632,25.1384074,28.61683483,31.25754484,26.47943294,25.35208496,22.83726084,32.76360231,29.93408752
L-N6,9.89738159,27.04964068,21.4997922,25.46768751,20.45457311,29.94761835,31.08983284,23.8504853,32.10622045,34.62819368,27.34959872,25.73062536,22.20790968,33.21648938,28.76964084
L-N6,11.60504404,27.5559716,21.30602566,25.4700652,22.10976649,28.36716004,28.00249921,24.54372875,28.93583615,31.1345246,27.72617378,25.15471483,22.7142406,32.93919219,29.49717056
L-N7,11.51226992,27.83453765,19.86164563,25.49481846,23.32164096,32.37706828,30.02142201,23.24807728,28.7352517,35.41309065,26.21294921,24.40290203,23.55845065,33.50709326,29.28258814
L-N7,11.20823668,28.02538278,19.80917755,25.66569567,22.35303967,32.42757679,30.5292512,26.17746539,26.59631972,31.60393578,26.95841175,24.59924154,23.74929578,34.38389667,29.92860725
L-N7,10.55415071,27.29399718,21.34117937,25.68558111,22.70670263,33.07515674,29.24008628,22.14038481,26.45813951,34.87255018,27.04540104,25.14522909,23.01791018,33.74308877,30.32211786
L-N8,12.78523379,27.98994455,22.56008603,25.70513167,22.87638322,32.19237457,29.2767908,24.16120298,26.77588468,31.56849755,26.84377614,25.46733659,23.71385755,33.84315816,29.79978757
L-N8,11.11572788,28.88917127,19.75810062,25.75831434,22.24961205,31.67707829,30.11667561,24.1572591,28.64239138,36.46772427,26.76531186,25.64330819,24.61308427,34.08642836,28.25386792
L-N8,11.28721308,28.76576821,21.18688132,25.77771846,23.33415099,32.87704915,28.78839857,26.9168568,26.25227436,32.34432121,27.15644619,24.66085724,24.48968121,33.86504288,28.70587492
L-N9,10.16751363,27.64404736,20.42817726,25.79767639,23.73420641,32.38640804,30.07110487,25.97045898,28.50380751,35.22260036,26.42393779,27.16008543,23.36796036,34.21352017,30.29290737
L-N9,10.0271889,27.3935932,21.6785042,25.8540222,22.57496282,32.59650102,30.20009422,22.74145335,26.78073798,30.9721462,27.33393554,26.52055782,23.1175062,33.56030882,28.80850746
L-N9,11.60364843,26.88391277,18.26129744,25.9105005,22.49130142,31.50347225,29.18339074,23.92691286,26.69130282,34.46246577,26.65647359,24.32399362,22.60782577,33.87190486,31.31224469
L-N10,12.96979784,28.02160833,19.28526343,25.93491945,22.51266793,32.31296805,29.70238175,25.92197097,27.46473738,31.60016133,27.09681426,24.91704455,23.74552133,33.60557535,29.30275708
L-N10,12.64668152,28.05865106,21.9295004,25.94460086,23.66309918,36.5471226,29.00102422,23.82577209,28.68117941,35.63720406,26.23936881,24.68068113,23.78256406,34.10629965,29.23674495
L-N10,14.24794072,27.91564858,18.76751284,25.99625444,23.64214149,33.76744302,30.13309136,25.02222234,27.88921877,31.49420158,26.96665792,25.90959324,23.63956158,34.11199777,29.32640249
L-N11,13.31152724,27.48111983,19.77883547,26.01518626,21.5228761,31.60537574,30.74200627,20.90936567,29.14646429,35.05967283,26.82420778,23.06498336,23.20503283,33.09845915,30.12651605
L-N11,12.55842531,27.52355312,19.21818961,26.10273588,22.04356367,33.58610428,28.72862829,25.16232895,27.46797109,31.10210612,25.74248589,25.80040827,23.24746612,34.03345688,28.74012044
L-N11,13.27851121,28.48476298,21.8420139,26.14146163,20.47120446,33.89919191,29.20995397,26.19486902,28.33795163,36.06331598,26.9265329,25.96969773,24.20867598,33.71958692,29.96956216
L-N12,11.94688443,28.01597803,20.68198664,26.18641042,20.92765667,31.4269373,27.54435217,24.78676504,27.85208496,31.59453103,27.78017427,25.46374697,23.73989103,34.2408195,28.6229185
L-N12,15.43627005,27.36506455,18.46997175,26.18689618,20.31824885,34.14303577,27.53571379,24.60717541,28.23062536,34.94361755,25.90130817,25.59491077,23.08897755,33.64430332,28.54225615
L-N12,12.26588575,27.86557152,19.86816016,26.1870247,22.18342791,30.12950205,27.40107023,23.56226491,27.65471483,31.44412452,26.58274444,24.37917361,23.58948452,34.51678679,28.9149702
L-P1,11.84042801,30.32812361,19.3142093,25.59353191,23.24527375,32.75410169,30.32209704,22.77020466,26.90290203,34.91142769,26.37185387,26.55441914,24.64105061,35.06023461,30.284856
L-P1,11.87928071,29.03241781,19.73542326,25.59645863,23.85357921,33.41427964,28.94920623,24.10789881,27.09924154,30.87499477,26.12242425,25.18152833,23.34534481,33.76452881,30.2374932
L-P1,12.37741913,29.54818205,19.66242179,25.59655568,24.03840429,31.73836524,28.55657095,22.26635545,27.64522909,34.49977103,27.40288892,24.78889305,23.86110905,34.28029305,29.74970234
L-P2,11.69835592,29.8486922,20.56969242,25.64712526,23.09374354,31.78608112,30.1053397,21.78367423,27.96733659,30.86719901,27.52105278,26.3376618,24.1616192,34.5808032,30.22735871
L-P2,11.30197417,29.95605213,18.20361541,25.69565842,23.94900504,32.87793137,29.80828075,23.86551386,28.14330819,34.67336462,26.85797166,26.04060285,24.26897913,34.68816313,29.97537401
L-P2,12.22502868,29.60069498,19.37061792,25.75145535,24.10146603,31.15117122,28.61466119,22.56657302,27.16085724,30.57839983,26.93927461,24.84698329,23.91362198,34.33280598,29.85191978
L-P3,11.84761244,29.88019199,19.5498572,25.76289854,23.34929441,32.81868941,28.92475148,22.05354996,29.66008543,33.92142055,26.48351519,25.15707358,24.19311899,34.61230299,27.87664672
L-P3,12.00922242,29.40646866,20.2466828,25.82359194,23.43581379,32.98637557,27.89193433,24.19313222,29.02055782,29.54175758,28.22041201,24.12425643,23.71939566,34.13857966,27.38308485
L-P3,11.16843106,29.89256669,20.09701053,25.83724761,23.37155728,31.66466104,28.34419603,25.27176763,26.82399362,35.42916617,27.33893912,24.57651813,24.20549369,34.62467769,29.83671602
L-P4,11.79112014,29.7307542,17.84469537,25.85673822,22.82079837,32.33934936,25.39326129,25.21126982,27.41704455,30.67312316,26.39359198,21.62558339,24.0436812,34.4628652,28.85386011
L-P4,15.0481621,29.671346,19.56739727,25.86865773,22.23993778,31.42758457,28.34013889,22.5656924,27.18068113,34.07685299,27.62272368,24.57246099,23.984273,34.403457,28.07870889
L-P4,12.90994704,29.78014868,19.57248241,25.90920644,23.06044208,32.89927185,26.39611854,20.67855733,28.40959324,30.67475211,27.58422014,22.62844064,24.09307568,34.51225968,28.85597774
L-P5,11.24681836,29.83322699,21.01713746,25.91656811,23.26598703,33.69086123,27.78554162,22.69138742,25.56498336,34.40525024,27.05388651,24.01786372,23.14615399,34.56533799,28.50562531
L-P5,12.7704557,29.70909417,19.60549761,25.93704353,23.16266589,31.07346986,28.73946711,21.94853273,28.30040827,29.90289508,25.97845374,24.97178921,23.02202117,34.44120517,27.8525636
L-P5,13.01129234,29.3211899,18.00003094,25.93740514,22.1756957,31.69919324,28.5425202,25.2691181,28.46969773,34.85554836,26.61981168,24.7748423,22.6341169,34.0533009,29.09101287
L-P6,11.10955802,27.92551432,20.26179411,25.94449891,23.13339548,29.5339109,27.94211069,23.21450326,27.96374697,30.26470231,26.76669674,24.17443279,23.08378332,34.50296732,28.322913
L-P6,13.19886454,27.02978611,21.25201281,25.95618395,22.84361608,29.52268101,26.33500989,24.0696001,28.09491077,34.71758938,26.44420354,22.56733199,22.18805511,33.60723911,28.91166619
L-P6,10.11153091,27.58942435,19.04083309,25.96182125,22.63048016,29.34764438,28.04267234,24.36056006,26.87917361,30.44029219,26.48472067,24.27499444,22.74769335,34.16687735,28.55117985
L-P7,12.13045371,27.42436095,19.9431704,26.01484721,22.27345349,28.75443209,27.94989822,24.21593833,30.54656735,34.00819326,26.1086762,24.18222032,23.14827395,34.00181395,27.98945124
L-P7,12.6382829,27.92129873,18.07035307,26.39889185,22.67233102,26.9491987,27.64586498,23.1095886,30.14861675,30.88499667,26.61744456,23.87818708,23.64521173,34.49875173,29.12929567
L-P7,11.34911798,28.2239992,17.4602485,25.98622317,21.53866566,28.57935729,26.99177901,21.82771299,31.4239312,34.24418877,27.42216729,23.22410111,23.9479122,34.8014522,28.2962454
L-P8,11.3858225,27.82220667,21.05392522,25.9486546,21.94741679,27.17311318,29.22286209,23.57442296,29.10635694,30.34425816,26.83767873,25.45518419,23.54611967,34.39965967,28.42633561
L-P8,12.22570731,26.63303771,18.05669989,25.94100179,23.59385344,27.17424023,27.55335618,23.28560851,29.63739071,34.58752836,26.25700798,23.78567828,22.35695071,33.21049071,28.74258687
L-P8,10.89743027,26.9807354,18.71136566,25.9330981,23.63748306,28.82989146,27.72484138,22.41650278,28.96135899,30.36614288,26.23919326,23.95716348,22.7046484,33.5581884,28.45478574
L-P9,12.18013657,28.20152959,19.75412393,26.31710384,21.72575418,27.56385771,26.60514193,24.37708042,30.72105591,34.71462017,26.92237954,22.83746403,23.92544259,34.77898259,30.02900622
L-P9,12.30912592,27.05968351,18.9202662,26.31232642,21.65316337,28.76030339,26.4648172,23.79344725,30.21428756,30.06140882,26.89146819,22.6971393,22.78359651,33.63713651,29.17983147
L-P9,11.29242244,28.98563522,19.63653846,26.24363257,21.08990914,30.61913027,28.04127673,22.42008535,30.75024333,34.37300486,27.28798131,24.27359883,24.70954822,35.56308822,29.58490632
L-P10,11.81141345,27.43987552,19.25912863,26.22468498,22.24338337,29.6233314,29.40742614,22.31243501,28.6411768,30.10667535,26.63127373,25.63974824,23.16378852,34.01732852,29.23867796
L-P10,11.11005592,27.38909696,19.85193332,26.61095469,22.83631427,27.84363713,29.08430982,24.12672624,31.98212325,34.60739965,26.07374065,25.31663192,23.11300996,33.96654996,29.88961955
L-P10,12.24212306,27.4580643,19.91565142,26.18542936,21.98462634,29.45136751,30.68556902,25.32697214,30.08295037,30.61309777,26.49233987,26.91789112,23.1819773,34.0355173,29.8970271
L-P11,12.85103797,28.07353627,20.06276845,26.17928862,22.28407507,27.57207273,29.74915554,20.24254637,27.85255665,33.59955915,26.79487693,25.98147764,23.79744927,34.65098927,28.5794269
L-P11,10.83765999,27.00707811,20.7387936,26.56044275,22.40510148,29.1565193,28.99605361,22.32723262,29.11822792,30.53455688,26.42107353,25.22837571,22.73099111,33.58453111,29.79492394
L-P11,11.31898567,27.95280251,19.56940589,26.10852827,23.17990829,28.92298166,29.71613951,25.07582933,30.73039318,34.22068692,27.17189421,25.94846161,23.67671551,34.53025551,29.386893
L-P12,9.65338387,26.91692277,20.84084593,26.10776953,22.82071585,28.64689679,28.38451273,23.59957718,29.78643764,30.7419195,26.8575427,24.61683483,22.64083577,33.49437577,30.06449535
L-P12,9.64474549,26.85487481,18.91971418,26.50728851,21.62452746,28.95530398,31.87389835,23.44137293,27.9766148,34.14540332,26.95324495,28.10622045,22.57878781,33.43232781,29.28902432
L-P12,9.51010193,27.14157792,18.34710189,26.08885364,22.28607915,28.30712095,28.70351405,24.76325762,29.51208695,31.01788679,26.55207544,24.93583615,22.86549092,33.71903092,30.42325283
L-H1,13.1687177,27.33287469,22.14475658,26.28333534,23.07901249,31.81702232,28.2009094,25.588558,28.14842394,36.06133461,26.96371841,23.59792841,23.75870829,34.13712576,30.57969349
L-H1,11.02978572,27.29644177,17.96281641,26.26281796,22.82992089,30.23174856,26.06197742,23.91460018,26.13179268,30.76562881,27.00257111,24.13628935,23.72227537,34.57423528,31.14793586
L-H1,10.89160551,26.92121803,22.09251546,26.24031959,22.34772961,29.77837354,25.92379721,24.80318101,27.14720346,35.28139305,27.50070953,24.02220989,23.34705163,34.92591694,31.60512202
L-H2,11.20935068,27.28864601,22.47636391,26.23593186,23.57319164,31.56673313,26.24154238,27.03349482,24.68682726,31.5819032,26.82164632,23.90337713,23.71447961,34.24499705,29.59872617
L-H2,13.07585738,27.09481162,20.10934979,26.22442694,23.36040096,31.22371987,28.10804908,26.05251729,27.34608985,35.68926313,26.42526457,22.45005854,23.52064522,34.85681029,30.39408338
L-H2,10.68574036,26.99984683,19.53899415,26.19241479,22.87266135,29.8454502,25.71793206,23.98158658,25.80921071,31.33390598,27.34831908,23.26883999,23.42568043,35.20389478,30.84529321
L-H3,12.93727351,26.34286755,20.05785983,26.17289651,21.88891681,30.20351072,27.96946521,25.15257869,26.75426112,35.61340299,26.97090284,23.4401364,22.76870115,34.2998261,29.67000393
L-H3,11.21420398,25.96320458,18.32295566,26.1229385,21.32353636,29.01091921,26.24639568,24.05594288,27.77355524,31.13967966,27.13251282,24.61785637,22.38903818,34.53477414,29.97543638
L-H3,11.12476882,27.85061317,22.33155134,26.10192701,24.24580593,29.53314472,26.15696052,25.20624465,29.60517045,35.62577769,26.29172146,23.97021487,24.27644677,34.91098762,30.46451391
L-H4,11.89820338,27.09457016,19.66338683,26.0970902,22.6016675,26.12570739,26.93039508,25.36891238,26.84039386,31.4639652,26.91441054,23.65003385,23.52040376,33.81954226,29.04563494
L-H4,13.11464541,26.49829999,22.20774113,25.96743848,21.97011435,29.52845995,28.14683711,22.90145545,27.9070363,35.404557,30.1714525,24.07568714,22.92413359,33.88765963,29.13418752
L-H4,12.32268477,27.09619911,22.37010369,25.94867615,23.44049733,27.28370427,27.35487647,24.85517273,25.71692656,31.51335968,28.03323744,23.52407364,23.52203271,34.58371503,30.03905954
L-H5,13.57993029,26.82669724,20.77903816,25.92505669,23.02586876,28.8880678,28.61212199,25.24160963,26.84038862,35.56643799,26.37010876,24.92157402,23.25253084,34.54489658,29.98859555
L-H5,11.90143709,26.32434208,18.92573423,25.9232976,22.2995088,29.9895633,26.93362879,26.76123559,25.93774586,31.44230517,27.8937461,24.86958893,22.75017568,34.45758819,29.87509465
L-H5,12.77141763,27.27699536,21.70440363,25.91049866,23.4599575,29.76214917,27.80360933,25.83585604,28.06696257,35.0544009,28.13458274,24.62390103,23.70282896,33.78174199,28.99649459
L-H6,12.28555096,26.68614931,21.51066266,25.8967388,22.48738805,29.06885773,27.31774266,24.8792851,26.6523663,31.50406732,26.23284842,23.68662047,22.11198291,34.25644484,29.61360829
L-H6,12.66409136,27.13903638,17.81288896,25.86990594,22.59072107,27.21314226,27.69628306,23.31257707,26.34619388,34.60833911,28.32215494,23.71894854,22.56486998,33.62709368,28.79545178
L-H6,12.08818083,26.86173919,20.64256606,25.8332114,22.25393163,29.18497603,27.12037253,25.36930582,27.81473242,31.16797735,25.23482131,23.07136293,22.28757279,34.1334246,29.45368198
L-H7,11.33636803,28.27498226,20.45171461,25.77985441,21.41014993,29.07784998,27.90290203,25.56318836,27.21941838,35.00291395,27.25374411,23.32617863,21.65355326,34.41199065,29.81581785
L-H7,11.53270754,29.15178567,19.6369044,25.75487156,21.89588729,28.72678352,28.09924154,25.02162107,25.65603646,31.49985173,27.7615733,25.23158789,22.53035667,34.60283578,30.06391651
L-H7,12.07869509,28.51097777,19.99967986,25.7520852,21.13920939,27.971512,28.64522909,25.2941083,27.06779878,35.8025522,26.47240838,23.69041342,21.88954877,33.87145018,29.11311523
L-H8,12.40080259,28.61104716,19.8017966,25.68928854,21.42900865,30.54773833,28.96733659,24.47637914,25.84995258,31.40075967,26.5091129,23.101963,21.98961816,34.56739755,30.01784682
L-H8,12.57677419,28.85431736,18.82285376,25.67974574,21.95808951,28.61996382,29.14330819,24.14196466,25.85092864,34.21159071,27.34899771,24.76155824,22.23288836,35.46662427,31.18684155
L-H8,11.59432324,28.63293188,17.83746933,25.59191548,21.22384113,28.81797738,28.16085724,24.20070428,27.28476828,30.5592884,26.02072067,22.97899631,22.01150288,35.34322121,31.02641757
L-H9,14.09355143,28.98140917,19.58019739,25.55098318,21.57534295,27.52506308,30.66008543,25.29128127,26.18834812,35.78008259,27.30342697,24.46858257,22.35998017,34.22150036,30.68938047
L-H9,13.45402382,28.32819782,17.74911615,25.54694644,21.10112056,27.36303045,30.02055782,22.28198983,27.22450309,30.63823651,27.43241632,26.03606384,21.70676882,33.9710462,30.36379006
L-H9,11.25745962,28.63979386,20.54364645,25.53812828,21.22222608,29.18336452,27.82399362,26.88091815,28.83429845,36.56418822,26.41571284,25.92077609,22.01836486,33.46136577,29.7012055
L-H10,11.85051055,28.37346435,19.35260634,25.50139992,20.86102467,30.760854,28.41704455,25.15294021,27.97190916,31.01842852,26.93470385,24.9437673,21.75203535,34.59906133,31.18020973
L-H10,11.61414713,28.87418865,18.21971954,25.49379256,22.01739524,30.38775235,28.18068113,25.84938215,26.43064482,34.96764996,26.23334632,24.31242657,22.25275965,34.63610406,31.22836528
L-H10,12.84305924,28.87988677,20.83287849,25.37908528,22.36689513,32.23672255,29.40959324,24.73127972,27.82298369,31.0366173,27.36541346,24.87797123,22.25845777,34.49310158,31.04246205
L-H11,9.99844936,27.86634815,22.46510728,25.31544002,20.78943135,31.15544813,26.56498336,24.13238182,26.19546256,35.65208927,27.97432837,24.78087879,21.24491915,34.05857283,30.47757468
L-H11,12.73387427,28.80134588,17.69393451,25.17533955,21.59344687,30.28584312,29.30040827,25.83301458,27.567637,30.58563111,25.96095039,23.07622659,22.17991688,34.10100612,30.53273796
L-H11,12.90316373,28.48747592,18.87757102,24.99413208,21.18939677,31.1173246,29.46969773,25.97329434,27.36538696,35.53135551,26.44227607,21.98043332,21.86604692,35.06221598,31.78231077
L-H12,12.39721297,29.0087085,20.71398737,24.7533218,21.79661717,29.57969832,28.96374697,23.69389127,27.12628985,30.49547577,24.77667427,24.31259559,22.3872795,34.59343103,31.17289034
L-H12,12.52837677,28.41219232,19.52959786,24.55549738,21.58906832,33.6088836,29.09491077,22.19743976,27.39337898,34.43342781,24.76803589,23.74133486,21.79076332,33.94251755,30.32670282
L-H12,11.31263961,29.28467579,26.2728219,24.49810094,22.0090393,29.94804838,27.87917361,22.57897988,26.8320346,30.72013092,24.63339233,23.87602964,22.66324679,34.44302452,30.97736188
W-N1,12.03139441,28.45595246,20.26849495,25.32346999,21.59792841,27.81053756,25.52961414,23.08786885,26.96371841,27.89041246,27.55441914,25.60801178,23.73373768,33.48558525,30.15933503
W-N1,12.56975535,28.20376881,19.96587457,25.32963156,22.13628935,27.29320178,25.60902237,23.04914258,27.00257111,23.63822881,26.18152833,25.67418531,24.30664525,33.66734172,29.83149628
W-N1,12.45567589,27.56960609,19.20487931,25.33107577,22.02220989,28.95111056,26.48768284,22.40663907,27.50070953,27.00406609,25.78889305,26.40640237,22.54488034,34.28063796,29.00708475
W-N2,12.33684313,25.92504921,17.23141105,25.34766178,21.90337713,25.93826402,23.60821714,18.32472037,26.82164632,21.35950921,27.3376618,24.00684762,23.1463344,31.97342678,26.8691608
W-N2,10.88352454,27.02183318,18.54755182,25.42503979,20.45005854,26.62860792,24.23946513,21.34542677,26.42526457,26.45629318,27.04060285,24.53288761,21.26986855,34.7680071,28.29497996
W-N2,11.70230599,27.08215808,18.6199417,25.47365802,21.26883999,25.74976669,24.97703779,20.47882103,27.34831908,22.51661808,25.84698329,25.14753149,22.32645559,32.75520512,28.37340233
W-N3,11.8736024,26.71720886,18.18200263,25.53859896,21.4401364,28.03737268,24.53504523,19.33764045,26.97090284,26.15166886,26.15707358,24.77920436,22.09178077,33.00279194,27.89896835
W-N3,13.05132237,28.11552132,19.85997758,25.55036465,22.61785637,27.37857383,25.46114287,21.39834517,27.13251282,23.54998132,25.12425643,25.55095239,21.42348161,33.30404899,29.71677455
W-N3,12.40368087,27.23373189,18.80183027,25.58008774,21.97021487,28.07531633,24.83735791,21.40758981,26.29172146,26.66819189,25.57651813,25.03113159,23.56534828,34.50245303,28.57044829
W-N4,12.08349985,27.80677862,19.48948634,25.58265688,21.65003385,25.33352984,25.13999547,20.60874373,26.91441054,23.24123862,22.62558339,25.28332956,22.46580033,35.02054709,29.31540904
W-N4,12.50915314,27.51539122,19.13982146,25.59486508,22.07568714,29.67676023,25.32969519,20.97918265,30.1714525,26.94985122,25.57246099,25.44141266,22.74718625,33.19981348,28.93660542
W-N4,11.95753964,27.73565406,19.40413687,25.62883829,21.52407364,27.20783548,24.56794824,19.87856327,28.03323744,23.17011406,23.62844064,24.80662353,23.34354338,34.04932098,29.22294711
W-N5,13.35504002,26.76913417,18.244313,25.68163184,22.92157402,24.30832365,24.16418434,19.82322222,26.37010876,26.20359417,25.01786372,24.47015362,23.90901658,34.75373557,27.96647125
W-N5,13.30305493,26.65229853,18.10411024,25.72203589,22.86958893,25.9536963,25.48104013,20.08334741,27.8937461,22.08675853,25.97178921,25.56753344,21.17050482,32.28417643,27.81458492
W-N5,13.05736703,28.07760854,19.81448225,25.76342134,22.62390103,28.04951113,25.01466271,22.49615546,28.13458274,27.51206854,25.7748423,25.17888559,21.63924143,34.12138186,29.66748793
W-N6,12.12008647,28.55027525,20.3816823,25.78399915,21.68662047,26.82236893,26.00763953,23.56723491,26.23284842,23.98473525,25.17443279,24.97943294,24.14974364,32.17113994,30.28195466
W-N6,12.15241454,28.3840502,20.18221224,25.84186456,21.71894854,24.46959924,27.05183846,22.19321283,28.32215494,27.8185102,23.56733199,25.84959872,21.42256707,32.90755748,30.06586209
W-N6,11.50482893,26.84077602,18.33028322,25.89493586,21.07136293,26.46571304,27.50372854,20.12537438,25.23482131,22.27523602,25.27499444,26.22617378,22.64807492,34.22992558,28.05960566
W-N7,11.75964463,27.73950853,19.40876224,25.95274638,21.32617863,30.82074488,26.68785905,19.68505607,27.25374411,27.17396853,25.18222032,23.71294921,21.60502385,35.25155295,27.68151439
W-N7,13.66505389,27.64243083,19.292269,25.95838283,23.23158789,29.03598683,27.5824141,22.77137861,27.7615733,23.07689083,24.87818708,24.45841175,21.85125341,32.81296495,27.55531338
W-N7,12.12387942,27.223412,18.7894464,26.00353548,21.69041342,28.52556097,27.68680125,19.4072316,26.47240838,26.657872,24.22410111,24.54540104,22.60559891,32.96486308,27.0105889
W-N8,11.535429,27.63049488,19.27794586,26.00358588,21.101963,30.53896034,27.44485137,21.48621692,26.5091129,23.06495488,26.45518419,24.34377614,22.05300683,32.92148791,27.53979664
W-N8,13.19502424,26.97931752,18.49653302,26.05269674,22.76155824,30.15278371,27.35069423,19.04314721,27.34899771,26.41377752,24.78567828,24.26531186,20.41994346,33.2173491,26.69326608
W-N8,11.41246231,25.98326143,17.30126572,26.06155792,20.97899631,28.60107828,27.82005543,20.17607536,26.02072067,21.41772143,24.95716348,24.65644619,20.51677689,32.17502535,25.39839316
W-N9,12.90204857,28.35890539,20.15203847,26.16869683,22.46858257,29.00419565,26.94104535,24.6756346,27.30342697,27.79336539,23.83746403,23.92393779,22.3217797,33.5428876,28.48673031
W-N9,14.46952984,27.53541612,19.16385134,26.21304596,24.03606384,27.66153336,28.03304265,20.17996651,27.43241632,22.96987612,23.6971393,24.83393554,20.75679988,34.50734856,27.41619426
W-N9,14.35424209,28.85177646,20.74348375,26.23853017,23.92077609,28.24947357,27.22008831,22.80050859,26.41571284,28.28623646,25.27359883,24.15647359,20.62570145,32.50544473,29.1274627
W-N10,13.3772333,27.82825886,19.51526263,26.24174683,22.9437673,24.41325841,27.74849711,22.52577813,26.93470385,23.26271886,26.63974824,24.59681426,21.26801028,32.69391722,27.79688982
W-N10,12.74589257,26.26919691,17.64438829,26.38153594,22.31242657,28.24419929,26.71956257,18.60621571,26.23334632,25.70365691,26.31663192,23.73936881,21.72266532,32.33881471,25.77010928
W-N10,13.31143723,28.03514658,19.7635279,26.44651934,22.87797123,25.71697283,27.5923095,22.05296853,27.36541346,23.46960658,27.91789112,24.46665792,19.89435177,33.35481463,28.06584385
W-N11,13.21434479,28.40605892,20.2086227,26.450145,22.78087879,27.52322284,27.42136934,19.28043011,27.97432837,27.84051892,26.98147764,24.32420778,19.44122093,33.35403097,28.5480299
W-N11,11.50969259,26.39193736,17.79167683,26.46779188,21.07622659,28.76332597,26.12330307,20.46731262,25.96095039,21.82639736,26.22837571,23.24248589,22.24966793,33.53126979,25.92967187
W-N11,10.41389932,29.06599727,21.00054872,26.49838418,19.98043332,28.50729499,27.54415948,24.36146048,26.44227607,28.50045727,26.94846161,24.4265329,19.18773195,31.64503508,29.40594975
W-N12,12.74606159,27.40065622,19.00213946,26.55746945,22.31259559,27.72676263,28.56852912,20.8627921,24.77667427,22.83511622,25.61683483,25.28017427,20.10919283,32.25420993,27.24100639
W-N12,12.17480086,28.15198345,19.90373214,26.59897772,21.74133486,25.63753159,26.3138898,23.53507965,24.76803589,27.58644345,29.10622045,23.40130817,22.78647616,32.68942691,28.21773179
W-N12,12.30949564,26.66681743,18.12153292,26.60422794,21.87602964,27.85749277,27.13161333,19.03776392,24.63339233,22.10127743,25.93583615,24.08274444,19.50134421,32.48014491,26.28701596
W-P1,11.24856347,28.49927768,20.32048522,25.66048712,23.42573302,27.73688642,26.05174839,22.25391982,27.10801178,27.93373768,25.7352517,24.96371841,23.69041246,34.88931246,27.85692313
W-P1,10.99913385,29.07218525,21.0079743,25.68992302,22.15890337,27.3416432,26.69778152,24.56714174,27.17418531,24.50664525,23.59631972,25.00257111,23.43822881,34.63712881,28.09320654
W-P1,12.27959852,27.31042034,18.89385641,25.79671302,21.79660069,26.49133144,26.56088617,20.34001,27.90640237,26.74488034,23.45813951,25.50070953,22.80406609,34.00296609,30.43693518
W-P2,12.39776238,27.9118744,19.61560128,25.88963984,23.22572103,29.39173945,26.41828686,20.22193138,25.50684762,23.3463344,23.77588468,24.82164632,21.15950921,32.35840921,27.43756064
W-P2,11.73468126,26.03540855,17.36384226,25.01019776,22.95161104,27.22138176,24.67430455,20.30853711,26.03288761,25.46986855,25.64239138,24.42526457,22.25629318,33.45519318,31.07051506
W-P2,11.81598421,27.09199559,18.63174671,25.03750248,21.85020323,27.44431252,25.65684229,20.38352696,26.64753149,22.52645559,23.25227436,25.34831908,22.31661808,33.51551808,28.45387249
W-P3,11.36022479,26.85732077,18.35013692,25.09298846,22.13633784,25.98870324,25.86239798,19.90639372,26.27920436,26.29178077,25.50380751,24.97090284,21.95166886,33.15056886,28.77573535
W-P3,13.09712161,26.18902161,17.54817793,25.15051044,21.18330984,25.80628109,27.27566194,21.16675514,27.05095239,21.62348161,23.78073798,25.13251282,23.34998132,34.54888132,29.16736952
W-P3,12.21564872,28.33088828,20.11841794,25.24761519,21.60063256,27.85567848,26.49849214,23.60777056,26.53113159,27.76534828,23.69130282,24.29172146,22.46819189,33.66709189,30.72529477
W-P4,11.27030158,27.23134033,18.7989604,25.41510681,18.87766901,29.63167271,26.11427492,23.0527202,26.78332956,22.66580033,24.46473738,24.91441054,23.04123862,34.24013862,31.39881705
W-P4,12.49943328,27.51272625,19.1366235,25.5047173,21.59688885,29.2116215,26.62505887,21.65652142,26.94141266,26.94718625,25.68117941,28.1714525,22.74985122,33.94875122,29.03186335
W-P4,12.46092974,28.10908338,19.85225206,25.5245515,19.80305164,31.29325846,25.96312267,19.40522675,26.30662353,23.54354338,24.88921877,26.03323744,22.97011406,34.16901406,30.1362231
W-P5,11.93059611,28.67455658,20.5308199,25.55729728,21.08513638,30.07592093,27.64012312,22.62415491,25.97015362,28.10901658,26.14646429,24.37010876,22.00359417,33.20249417,31.05196207
W-P5,10.85516334,25.93604482,17.24460578,25.59876443,21.96536741,29.09688842,27.57774102,19.07487332,27.06753344,21.37050482,24.46797109,25.8937461,21.88675853,33.08565853,27.84153519
W-P5,11.49652128,26.40478143,17.80708972,25.74467051,21.78363541,30.03300009,27.28291554,20.64418371,26.67888559,25.83924143,25.33795163,26.13458274,23.31206854,34.51096854,30.22990225
W-P6,11.64340634,28.91528364,20.81969237,25.88242295,21.22960988,28.30188528,26.15817886,23.64459425,26.47943294,24.34974364,24.85208496,24.23284842,23.78473525,34.98363525,27.69458775
W-P6,11.32091314,26.18810707,17.54708048,26.01705429,19.74666387,32.83808659,26.19697255,20.50310088,27.34959872,25.62256707,25.23062536,26.32215494,23.6185102,34.8174102,28.65193055
W-P6,11.36143027,27.41361492,19.0176899,26.80206176,21.32240275,28.716587,25.41986982,21.7917386,27.72617378,22.84807492,24.65471483,23.23482131,22.07523602,33.27413602,30.37100908
W-P7,10.9853858,28.37056385,20.16602862,25.82160041,21.23679579,26.80795587,26.95796866,23.41084356,26.21294921,27.80502385,23.90290203,24.25374411,20.97396853,34.17286853,30.15268114
W-P7,11.49415416,28.61679341,20.46150409,25.81918905,20.9562503,26.34844326,29.24445977,22.56816954,26.95841175,24.05125341,24.09924154,24.7615733,20.87689083,34.07579083,26.98251674
W-P7,12.29887689,29.37113891,21.36671869,26.71305659,20.35269502,27.82104583,27.3950504,22.84685963,27.04540104,28.80559891,24.64522909,23.47240838,20.457872,33.656772,27.1799843
W-P8,11.71438833,28.81854683,20.7036082,26.52776969,22.41141825,25.14494833,26.6889099,23.63417877,26.84377614,24.25300683,24.96733659,23.5091129,20.86495488,34.06385488,27.12359658
W-P8,11.13371758,27.18548346,18.74393215,25.57112139,20.87088816,25.75813177,28.68042419,20.57526185,26.76531186,26.61994346,25.14330819,24.34899771,20.21377752,33.41267752,27.50821613
W-P8,11.11590286,27.28231689,18.86013227,25.43645997,21.02912547,24.97751955,26.54134987,21.15694046,27.15644619,22.71677689,24.16085724,23.02072067,19.21772143,32.41662143,26.15319526
W-P9,11.79908914,29.0873197,21.02613564,25.85211526,19.99592716,27.0094374,28.32885338,24.49969573,26.42393779,28.5217797,26.66008543,24.30342697,21.59336539,34.79226539,27.93141618
W-P9,11.76817779,27.52233988,19.14815986,25.90988379,19.86644306,26.42427319,30.20983091,22.12712673,27.33393554,22.95679988,26.02055782,24.43241632,20.76987612,33.96877612,29.18521543
W-P9,12.16469091,27.39124145,18.99084174,24.78282218,21.32111495,27.04314004,30.07148561,20.30619326,26.65647359,26.82570145,23.82399362,23.41571284,22.08623646,35.28513646,26.58274045
W-P10,11.50798333,28.03355028,19.76161234,26.13731236,22.581724,24.60780593,28.89907506,21.11227373,27.09681426,23.46801028,24.41704455,23.93470385,21.06271886,34.26161886,26.82775469
W-P10,10.95045025,28.48820532,20.30719838,24.92224445,22.28356968,28.46558886,28.14146618,23.99178581,26.23936881,27.92266532,24.18068113,23.23334632,19.50365691,32.70255691,26.36612142
W-P10,11.36904947,26.65989177,18.11322212,26.20458552,23.76112537,26.27261845,28.82011978,22.88825132,26.96665792,22.09435177,25.40959324,24.36541346,21.26960658,34.46850658,27.68692132
W-P11,11.67158653,26.20676093,17.56946512,26.11832668,22.89705348,23.69718812,28.70360885,18.45441216,26.82420778,25.64122093,22.56498336,24.97432837,21.64051892,34.83941892,27.68590256
W-P11,11.29778313,29.01520793,20.93960152,26.46686802,22.2021316,25.15865573,26.65802621,22.57686302,25.74248589,24.44966793,25.30040827,22.96095039,19.62639736,32.82529736,27.91631303
W-P11,12.04860381,25.95327195,17.26527834,25.62032596,22.86658806,27.02021912,25.34307428,21.06886898,26.9265329,25.38773195,25.46969773,23.44227607,22.30045727,35.49935727,25.4642079
W-P12,11.7342523,26.87473283,18.3710314,25.70403468,21.63783464,25.9302359,28.14166901,20.18818476,27.78017427,22.30919283,24.96374697,21.77667427,20.63511622,33.83401622,26.25613521
W-P12,11.82995455,29.55201616,21.58377139,26.59895654,24.85765164,23.84043777,27.45615613,25.26765822,25.90130817,28.98647616,25.09491077,21.76803589,21.38644345,34.58534345,26.82191728
W-P12,11.42878504,26.26688421,17.64161305,26.60144712,21.93219186,25.61344381,27.61778987,20.55486269,26.58274444,21.70134421,23.87917361,21.63339233,19.90127743,33.10017743,26.54985068
W-H1,11.98472138,27.05222525,18.5840223,26.27372636,21.74710334,27.50291825,24.41392464,21.36021563,26.37185387,26.48668525,24.59792841,21.37185387,20.98668525,34.93263768,30.21565781
W-H1,12.05089491,27.23398172,18.80213006,25.50812982,19.77341218,25.17431892,24.1146091,20.86497272,26.12242425,22.66844172,25.13628935,21.12242425,21.16844172,35.50554525,30.96043766
W-H1,12.78311197,27.84727796,19.53808555,25.61562764,19.64590693,26.34681134,25.6511667,22.3914465,27.40288892,27.28173796,25.02220989,22.40288892,21.78173796,33.74378034,28.67014327
W-H2,10.38355722,25.54006678,16.76943214,25.91024681,19.93910505,23.50582079,25.79296334,21.27121501,27.52105278,20.97452678,24.90337713,22.52105278,19.47452678,34.3452344,29.45203355
W-H2,10.90959721,28.3346471,20.12292852,25.98196665,21.66141684,26.57646498,24.99726599,23.73256118,26.85797166,27.7691071,23.45005854,21.85797166,22.2691071,32.46876855,27.01262795
W-H2,11.52424109,26.32184512,17.70756614,25.461721,19.45594567,24.80183429,25.09482953,20.21056771,26.93927461,21.75630512,24.26883999,21.93927461,20.25630512,33.52535559,28.3861911
W-H3,11.15591396,26.56943194,18.00467033,26.05517073,21.53353912,25.89308175,24.54791823,21.28434347,26.48351519,26.00389194,24.4401364,21.48351519,20.50389194,33.29068077,28.08111383
W-H3,11.92766199,26.87068899,18.36617879,25.32035975,19.94358341,27.07005825,26.63219441,20.73814871,28.22041201,22.30514899,25.61785637,23.22041201,20.80514899,32.62238161,27.21232492
W-H3,11.40784119,28.06909303,19.80426364,25.24901598,19.86105747,29.18501998,25.57442694,23.02940826,27.33893912,27.50355303,24.97021487,22.33893912,22.00355303,34.76424828,29.99675159
W-H4,11.66003916,28.58718709,20.42597651,24.46722356,20.5747412,25.99253902,24.44001038,23.4491285,26.39359198,24.02164709,24.65003385,21.39359198,22.52164709,33.66470033,28.56733926
W-H4,11.81812226,26.76645348,18.24109618,25.54992352,21.69720835,27.22418851,25.91496842,19.52978649,27.62272368,26.20091348,25.07568714,22.62272368,20.70091348,33.94608625,28.93314096
W-H4,11.18333313,27.61596098,19.26050518,25.63385247,20.96642975,24.695274,25.86876417,21.95130005,27.58422014,23.05042098,24.52407364,22.58422014,21.55042098,34.54244338,29.70840522
W-H5,10.84686322,28.32037557,20.10580268,25.96606073,22.12654816,25.99253297,26.46468381,22.91182313,27.05388651,27.75483557,25.92157402,22.05388651,22.25483557,35.10791658,30.44352038
W-H5,11.94424304,25.85081643,17.14233172,26.14650768,20.57772509,24.95025352,25.17416449,21.51212482,25.97845374,21.28527643,25.86958893,20.97845374,19.78527643,32.36940482,26.8834551
W-H5,11.55559519,27.68802186,19.34697823,25.62483495,21.38049625,27.408855,25.94379402,23.11889411,26.61981168,27.12248186,25.62390103,21.61981168,21.62248186,32.83814143,27.49281269
W-H6,11.35614254,25.73777994,17.00668793,26.30631068,20.93216467,25.77542405,26.12005609,19.77732988,26.76669674,21.17223994,24.68662047,21.76669674,19.67223994,35.34864364,30.75646556
W-H6,12.22630832,26.47419748,17.89038898,25.34127348,21.28146135,25.42188748,25.73306425,20.3017821,26.44420354,25.90865748,24.71894854,21.44420354,20.40865748,32.62146707,27.21113602
W-H6,12.60288338,27.79656558,19.4772307,25.62654735,20.75004215,27.11760544,25.7816848,22.68331429,26.48472067,23.23102558,24.07136293,21.48472067,21.73102558,33.84697492,28.80429623
W-H7,11.08965881,28.81819295,20.70318354,25.39174287,20.05630982,29.716434,26.56273144,24.71152521,26.1086762,28.25265295,24.32617863,22.1086762,20.75265295,34.80392385,28.50188631
W-H7,11.83512135,26.37960495,17.77687794,24.88655654,20.23748133,27.24661432,27.17325347,19.8865015,26.61744456,21.81406495,26.23158789,22.61744456,18.31406495,35.05015341,28.82198473
W-H7,11.92211064,26.53150308,17.9591557,26.38570776,20.74128922,27.08705796,28.13892075,19.94035187,27.42216729,25.96596308,24.69041342,23.42216729,18.46596308,35.80449891,29.80263388
W-H8,11.72048574,26.48812791,17.90710549,25.77451779,21.03851266,27.45395755,27.43753448,20.52005867,26.83767873,21.92258791,24.101963,22.83767873,18.42258791,35.25190683,29.08426418
W-H8,11.64202146,26.7839891,18.26213892,27.0349842,21.20088977,29.60920841,26.74072958,21.03858838,26.25700798,26.2184491,25.76155824,22.25700798,18.7184491,33.61884346,26.9612818
W-H8,12.03315579,25.74166535,17.01135042,26.81725396,20.29433698,26.84934596,26.71935191,20.17125602,26.23919326,21.17612535,23.97899631,22.23919326,17.67612535,33.71567689,27.08716526
W-H9,11.30064739,27.1095276,18.65278512,25.973864,22.60049007,29.44918594,27.53917545,20.95025896,26.92237954,26.5439876,25.46858257,22.92237954,19.0439876,35.5206797,29.43366891
W-H9,12.21064514,28.07398856,19.81013827,26.12381127,22.01036845,27.45956165,27.50208183,20.73583939,26.89146819,23.50844856,27.03606384,22.89146819,20.00844856,33.95569988,27.39919514
W-H9,11.53318319,26.07208473,17.40785368,25.42465259,19.98349739,27.35629108,27.97789757,20.33895642,27.28798131,25.50654473,26.92077609,23.28798131,18.00654473,33.82460145,27.22876719
W-H10,11.97352386,26.26055722,17.63402066,25.70979083,20.53073283,28.24937413,27.18984848,21.11598481,26.63127373,21.69501722,25.9437673,22.63127373,18.19501722,34.46691028,28.06376866
W-H10,11.11607841,25.90545471,17.20789765,24.51309789,20.3126294,29.65399685,26.52080878,21.01510603,26.07374065,25.33991471,25.31242657,22.07374065,17.83991471,34.92156532,28.65482022
W-H10,11.84336752,26.92145463,18.42709756,26.03455865,21.44660327,28.73952178,27.02312784,20.7533523,26.49233987,22.35591463,25.87797123,22.49233987,18.85591463,33.09325177,26.2780126
W-H11,11.70091738,26.92067097,18.42615716,25.70598922,18.82175057,30.1912602,27.38617232,20.37937928,26.79487693,26.35513097,25.78087879,22.79487693,18.85513097,32.64012093,25.68894251
W-H11,10.61919549,27.09790979,18.63884375,25.85399814,21.34585326,28.25310809,26.93760824,23.33566065,26.42107353,22.53236979,24.07622659,22.42107353,19.03236979,35.44856793,29.33992361
W-H11,11.8032425,25.21167508,16.3753621,25.74922991,21.50206445,29.25767255,27.83859305,18.82442231,27.17189421,24.64613508,22.98043332,23.17189421,17.14613508,32.38663195,25.35940684
W-H12,12.65688387,25.82084993,17.10637192,25.3057859,21.03520036,28.69664346,27.46137124,18.86056084,26.8575427,21.25530993,25.31259559,22.8575427,17.75530993,33.30809283,26.55730598
W-H12,10.77801777,26.25606691,17.62863229,25.94444172,21.15623124,29.13374316,27.57621394,18.51168373,26.95324495,25.69052691,24.74133486,22.95324495,18.19052691,35.98537616,30.03777431
W-H12,11.45945404,26.04678491,17.37749389,24.1337437,20.03441451,28.46874064,27.09481053,18.52492917,26.55207544,21.48124491,24.87602964,22.55207544,17.98124491,32.70024421,25.76710277
